{
  "test/integration/opaTests.qunit.js": 1684061725241,
  "i18n/i18n.properties": 1684061773354,
  "test/integration/pages/TicketsList.js": 1684061725249,
  "test/integration/pages/TicketsObjectPage.js": 1684061725249,
  "test/integration/FirstJourney.js": 1684061725261,
  "test/testsuite.qunit.js": 1684061725233,
  "xs-app.json": 1684064540053,
  "manifest.json": 1684064540053,
  "Component.js": 1684061725141,
  "test/testsuite.qunit-dbg.js": 1684061725233,
  "test/testsuite.qunit.js.map": 1684064552305,
  "test/integration/pages/TicketsList-dbg.js": 1684061725249,
  "test/integration/pages/TicketsList.js.map": 1684064552317,
  "test/integration/pages/TicketsObjectPage-dbg.js": 1684061725249,
  "test/integration/pages/TicketsObjectPage.js.map": 1684064552307,
  "test/integration/FirstJourney-dbg.js": 1684061725261,
  "test/integration/FirstJourney.js.map": 1684064552292,
  "test/integration/opaTests.qunit-dbg.js": 1684061725241,
  "test/integration/opaTests.qunit.js.map": 1684064552297,
  "Component-dbg.js": 1684061725141,
  "Component.js.map": 1684064552300,
  "Component-preload.js": 1684064552439,
  "Component-preload.js.map": 1684064552439,
  "test/integration/opaTests.qunit.html": 1684061725241,
  "test/testsuite.qunit.html": 1684061725229,
  "test/flpSandbox.html": 1684061725225,
  "localService/metadata.xml": 1684061725217,
  "index.html": 1684061725145
}