{
  "welcomeFile": "/index.html",
  "authenticationMethod": "route",
  "logout": {
    "logoutEndpoint": "/do/logout"
  },
  "routes": [
    {
      "source": "^/service/tickets/(.*)$",
      "target": "/service/tickets/$1",
      "destination": "tickets-app-srv",
      "authenticationType": "xsuaa"
    },
    {
      "source": "^(.*)$",
      "target": "$1",
      "service": "html5-apps-repo-rt",
      "authenticationType": "xsuaa"
    }
  ],
  "responseHeaders": [
    {
      "name": "Content-Security-Policy",
      "value": "frame-ancestors 'self' *.hana.ondemand.com *applicationstudio.cloud.sap"
    }
  ]
}